{
  "IcoMoonType": "selection",
  "icons": [
    {
      "icon": {
        "paths": [
          "M810 554h-256v256h-84v-256h-256v-84h256v-256h84v256h256v84z"
        ],
        "attrs": [],
        "isMulticolor": false,
        "isMulticolor2": false,
        "tags": [
          "add"
        ],
        "grid": 24
      },
      "attrs": [],
      "properties": {
        "order": 5,
        "ligatures": "add",
        "id": 146,
        "prevSize": 24,
        "name": "add",
        "code": 59648
      },
      "setIdx": 0,
      "setId": 2,
      "iconIdx": 146
    },
    {
      "icon": {
        "paths": [
          "M884 300l-78 78-160-160 78-78q12-12 30-12t30 12l100 100q12 12 12 30t-12 30zM128 736l472-472 160 160-472 472h-160v-160z"
        ],
        "attrs": [],
        "isMulticolor": false,
        "isMulticolor2": false,
        "tags": [
          "create, mode_edit, edit"
        ],
        "grid": 24
      },
      "attrs": [],
      "properties": {
        "order": 3,
        "ligatures": "create, mode_edit, edit",
        "id": 157,
        "prevSize": 24,
        "name": "createmode_editedit",
        "code": 59649
      },
      "setIdx": 0,
      "setId": 2,
      "iconIdx": 157
    },
    {
      "icon": {
        "paths": [
          "M512 854q140 0 241-101t101-241-101-241-241-101-241 101-101 241 101 241 241 101zM512 86q176 0 301 125t125 301-125 301-301 125-301-125-125-301 125-301 301-125zM298 470h428v84h-428v-84z"
        ],
        "attrs": [],
        "isMulticolor": false,
        "isMulticolor2": false,
        "tags": [
          "remove_circle_outline"
        ],
        "grid": 24
      },
      "attrs": [],
      "properties": {
        "order": 4,
        "ligatures": "remove_circle_outline",
        "id": 168,
        "prevSize": 24,
        "name": "remove_circle_outline",
        "code": 59650
      },
      "setIdx": 0,
      "setId": 2,
      "iconIdx": 168
    },
    {
      "icon": {
        "paths": [
          "M854 470v84h-520l238 240-60 60-342-342 342-342 60 60-238 240h520z"
        ],
        "attrs": [],
        "isMulticolor": false,
        "isMulticolor2": false,
        "tags": [
          "arrow_back"
        ],
        "grid": 24
      },
      "attrs": [],
      "properties": {
        "order": 6,
        "ligatures": "arrow_back",
        "id": 589,
        "prevSize": 24,
        "name": "arrow_back",
        "code": 59651
      },
      "setIdx": 0,
      "setId": 2,
      "iconIdx": 589
    }
  ],
  "height": 1024,
  "preferences": {
    "showGlyphs": true,
    "showQuickUse": true,
    "showQuickUse2": true,
    "showSVGs": true,
    "fontPref": {
      "prefix": "icon-",
      "metadata": {
        "fontFamily": "icomoon",
        "majorVersion": 1,
        "minorVersion": 0
      },
      "metrics": {
        "emSize": 1024,
        "baseline": 6.25,
        "whitespace": 50
      },
      "embed": false,
      "showSelector": true,
      "selector": ""
    },
    "imagePref": {
      "prefix": "icon-",
      "png": true,
      "useClassSelector": true,
      "color": 11713210,
      "bgColor": 16777215,
      "classSelector": ".icon",
      "name": "icomoon",
      "height": 32,
      "columns": 16,
      "margin": 16,
      "pdf": false
    },
    "historySize": 50,
    "showCodes": true,
    "gridSize": 16
  }
}