{
  "IcoMoonType": "selection",
  "icons": [
    {
      "icon": {
        "paths": [
          "M810 554h-256v256h-84v-256h-256v-84h256v-256h84v256h256v84z"
        ],
        "attrs": [],
        "isMulticolor": false,
        "isMulticolor2": false,
        "tags": [
          "add"
        ],
        "grid": 24
      },
      "attrs": [],
      "properties": {
        "order": 2,
        "ligatures": "add",
        "id": 146,
        "prevSize": 24,
        "name": "add"
      },
      "setIdx": 0,
      "setId": 2,
      "iconIdx": 146
    },
    {
      "icon": {
        "paths": [
          "M884 300l-78 78-160-160 78-78q12-12 30-12t30 12l100 100q12 12 12 30t-12 30zM128 736l472-472 160 160-472 472h-160v-160z"
        ],
        "attrs": [],
        "isMulticolor": false,
        "isMulticolor2": false,
        "tags": [
          "create, mode_edit, edit"
        ],
        "grid": 24
      },
      "attrs": [],
      "properties": {
        "order": 4,
        "ligatures": "create, mode_edit, edit",
        "id": 157,
        "prevSize": 24,
        "name": "createmode_editedit"
      },
      "setIdx": 0,
      "setId": 2,
      "iconIdx": 157
    },
    {
      "icon": {
        "paths": [
          "M498 166l-346 346 346 346-76 76-422-422 422-422z"
        ],
        "attrs": [],
        "isMulticolor": false,
        "isMulticolor2": false,
        "tags": [
          "arrow_back_ios"
        ],
        "grid": 24
      },
      "attrs": [],
      "properties": {
        "order": 6,
        "ligatures": "arrow_back_ios",
        "id": 614,
        "prevSize": 24,
        "name": "arrow_back_ios"
      },
      "setIdx": 0,
      "setId": 2,
      "iconIdx": 614
    },
    {
      "icon": {
        "paths": [
          "M512 854q140 0 241-101t101-241-101-241-241-101-241 101-101 241 101 241 241 101zM512 86q176 0 301 125t125 301-125 301-301 125-301-125-125-301 125-301 301-125zM622 342l60 60-110 110 110 110-60 60-110-110-110 110-60-60 110-110-110-110 60-60 110 110z"
        ],
        "attrs": [],
        "isMulticolor": false,
        "isMulticolor2": false,
        "tags": [
          "highlight_remove"
        ],
        "grid": 24
      },
      "attrs": [],
      "properties": {
        "order": 5,
        "ligatures": "highlight_remove",
        "id": 754,
        "prevSize": 24,
        "name": "highlight_remove"
      },
      "setIdx": 0,
      "setId": 2,
      "iconIdx": 754
    },
    {
      "icon": {
        "paths": [
          "M864 0h-768c-52.8 0-96 43.2-96 96v832c0 52.8 43.2 96 96 96h768c52.8 0 96-43.2 96-96v-832c0-52.8-43.2-96-96-96zM832 896h-704v-768h704v768zM256 576h448v64h-448zM256 704h448v64h-448zM320 288c0-53.019 42.981-96 96-96s96 42.981 96 96c0 53.019-42.981 96-96 96s-96-42.981-96-96zM480 384h-128c-52.8 0-96 28.8-96 64v64h320v-64c0-35.2-43.2-64-96-64z"
        ],
        "tags": [
          "profile",
          "file",
          "document",
          "page",
          "user",
          "paper"
        ],
        "defaultCode": 59683,
        "grid": 16,
        "attrs": []
      },
      "attrs": [],
      "properties": {
        "ligatures": "profile, file2",
        "name": "profile",
        "order": 3,
        "id": 36,
        "prevSize": 32
      },
      "setIdx": 1,
      "setId": 1,
      "iconIdx": 35
    }
  ],
  "height": 1024,
  "preferences": {
    "showGlyphs": true,
    "showQuickUse": true,
    "showQuickUse2": true,
    "showSVGs": true,
    "fontPref": {
      "prefix": "icon-",
      "metadata": {
        "fontFamily": "icomoon"
      },
      "metrics": {
        "emSize": 1024,
        "baseline": 6.25,
        "whitespace": 50
      },
      "embed": false
    },
    "imagePref": {
      "prefix": "icon-",
      "png": true,
      "useClassSelector": true,
      "color": 16232341,
      "bgColor": 16777215,
      "classSelector": ".icon",
      "name": "icomoon",
      "height": 32,
      "columns": 16,
      "margin": 16,
      "pdf": false
    },
    "historySize": 50,
    "showCodes": true,
    "gridSize": 16
  }
}